timestamp,machine_id,lot_id,panel_id,is_read
2026-08-03 08:00:30.514,SMK-BRU-02-UL,1260710037020,126071003700001037,TRUE
2026-08-03 08:00:30.252,CPP-Patternplating-01-UL,1260711011000,126071101100049033,TRUE
2026-08-03 08:00:29.612,CPP-Patternplating-01-L,1260711011010,126071101100049130,TRUE
2026-08-03 08:00:27.079,LIN-OUTTRE-01-UL,1260622042030,126062204800001076,TRUE
2026-08-03 08:00:26.522,LSR-Debrowning-01-UL,1260716011060,126071601100058057,TRUE
2026-08-03 08:00:26.578,LIN-INNTRE-01-UL,1260801029000,126080103000008043,TRUE
2026-08-03 08:00:25.698,ROU-RIN-01-UL,,Error_202608031500256982,FALSE
2026-08-03 08:00:25.585,LSR-Debrowning-01-L,1260716011060,126071601100058043,TRUE
2026-08-03 08:00:23.329,WIR-SE-01-L,1260725014000,M0960001K2000A-0607,TRUE
2026-08-03 08:00:21.516,WIR-Vdevelop-01-UL,1260630179010,"12606301790003A150,BD",TRUE
2026-08-03 08:00:22.769,SUR-FLM-01-UL,1260626078030,126061605400001078,TRUE
2026-08-03 08:00:23.241,GLD-Pretreatment-01-L,2260523332000,22604240080002B010,TRUE
2026-08-03 08:00:13.300,SMK-TUN-01-L,1260606185000,126060618500001039,TRUE
2026-08-03 08:00:01.062,LIN-INNLDI-01-L,1260801022000,126080102200004005,TRUE
2026-08-03 08:00:20.882,GLD-RinseENEPIG-01-UL,,Error_202608031500208823,FALSE
2026-08-03 08:00:12.968,WIR-Pretreatment-01-L,1260620160000,12606201600002B005,TRUE
2026-08-03 08:00:12.421,CPP-Horizontalplating-01-UL,1260613002130,M0960111B2000A-0607,TRUE
2026-08-03 07:59:37.750,SMK-TUN-01-UL,2260527017010,12606130030002B045,TRUE
2026-08-03 08:00:11.252,SMK-DEV-01-UL,,126070703200001065,TRUE
2026-08-03 07:59:58.580,SMK-SPR-01-L,1260611048000,126061104800001039,TRUE
2026-08-03 07:59:27.574,LIN-INNDES-01-L,,Error_202608031459275745,FALSE
2026-08-03 08:00:21.469,ELC-RED-01-UL,1260716029020,v,TRUE
2026-08-03 07:59:01.914,LAM-BOP-02-L,1260730085000,126073008500012006,TRUE
2026-08-03 07:58:56.338,SMK-BRU-02-L,1260710037020,126071003700001048,TRUE
2026-08-03 07:57:53.045,FVI-OSP-01-UL,1260610086000,12606100860000105401,TRUE
2026-08-03 07:57:17.766,ELC-TRE-01-UL,1260716023020,126071602300001022,TRUE
2026-08-03 07:57:49.924,WIR-SE-01-UL,1260725014000,M0960001K2000A-0607,TRUE
2026-08-03 07:56:59.644,SDM-DI-01-UL,1260610001010,12606100010001C106,TRUE
2026-08-03 07:56:06.139,LIN-OUTDES-01-UL,1260620133030,126062015700001072,TRUE
2026-08-03 07:56:41.169,LAM-BOP-02-UL,1260730085000,126073008500012039,TRUE
2026-08-03 07:55:08.707,WIR-Vdevelop-01-L,1260630179010,12606301790003A179,TRUE
2026-08-03 07:53:32.750,ELC-TRE-01-L,1260716023020,126071602300001022,TRUE
2026-08-03 07:51:20.741,ELC-RED-01-L,1260716029020,126071602900001031,TRUE
2026-08-03 07:49:17.031,LIN-OUTDES-01-L,1260622006060,126062200600001019,TRUE
2026-08-03 07:56:04.384,LAM-BOP-01-L,1260714070010,126071407001067116,TRUE
2026-08-03 07:48:08.306,LIN-INNTRE-02-UL-1,,126080102800004030,TRUE
2026-08-03 07:45:11.658,WIR-LDI-01-UL,,12606201600002B028,TRUE
2026-08-03 07:45:20.111,CPP-VCP-01-L,1260731061000,126072501100400008,TRUE
2026-08-03 07:47:22.093,LIN-INNTRE-02-UL-2,,126080102800004029,TRUE
2026-08-03 07:39:25.573,WIR-LDI-01-L,,12606201600002B028,TRUE
2026-08-03 07:36:59.321,AOI-PEP-01-L,1260729073000,Error_202608031436593214,FALSE
2026-08-03 07:38:40.069,LIN-OUTTRE-01-L,1260622048030,126062204800001010,TRUE
2026-08-03 07:28:47.592,ELC-PUL-01-UL,1260630336000,Error_202608031428475923,FALSE
2026-08-03 07:22:58.935,AOI-RESAOI-01-UL,1260704085020,126070408500001038,TRUE
2026-08-03 07:34:36.598,CPP-Horizontalplating-01-L,1260718161010,126072501300400108,TRUE
2026-08-03 07:22:32.008,AOI-RESAOI-01-L,1260704085020,126070408500001036,TRUE
2026-08-03 07:05:12.385,SMK-BRU-01-UL,1260721074010,M0960111B2000A-0607,TRUE
2026-08-03 07:21:13.219,WIR-TrayCleaning-01-L,,,FALSE
2026-08-03 07:09:52.834,SDM-DI-01-L,1260606001010,12606100010002B016,TRUE
2026-08-03 06:58:08.579,SMK-BRU-01-L,1260721074010,M0960111B2000A-0607,TRUE
2026-08-03 07:01:47.976,WIR-Pretreatment-01-UL,1260613002130,12606130020001C179,TRUE
2026-08-03 06:52:08.457,ELC-PUL-02-UL,1260611066020,126061106600001029,TRUE
2026-08-03 06:37:38.006,ELC-INS-01-L,1260711114000,126071111400001036,TRUE
2026-08-03 06:00:43.167,SMK-TRE-01-L,1260722003000,126072200300001007,TRUE
2026-08-03 06:31:33.695,ELC-INS-01-UL,1260711066000,126071106600001073,TRUE
2026-08-03 05:28:44.928,GLD-IR-01-UL,,Error_202608031228449284,FALSE
2026-08-03 05:40:41.498,ELC-PUL-01-L,1260630336020,126063033600001019,TRUE
2026-08-03 06:25:42.999,SMK-DEV-01-L,1260717012000,126070700800001008,TRUE
2026-08-03 05:20:13.310,GLD-IR-01-L,,126061603000001006,TRUE
2026-08-03 05:19:53.228,ELC-PUL-02-L,1260611066020,126061106600001002,TRUE
2026-08-03 05:08:33.547,GLD-Pretreatment-01-UL,2260523332000,22605233320001C094,TRUE
2026-08-03 04:46:00.533,SMK-TRE-01-UL,1260708034020,ERROR_202608031146005339,TRUE
2026-08-03 04:47:25.072,SMK-DIX-01-L,1260708040000,126070804000001039,TRUE
2026-08-03 04:39:59.947,LIN-INNDES-02-UL,,126080100800012036,TRUE
2026-08-03 04:34:03.504,ELC-DEP-01-UL,1260611066020,Error_202608031134035041,FALSE
2026-08-03 03:44:58.295,ELC-DEP-01-L,1260611066020,126061106600001011,TRUE
2026-08-03 04:22:51.318,AOI-PEP-01-UL,1260729073000,126072907300006007,TRUE
2026-08-03 03:05:29.233,SDM-Develop-01-UL,1260613003000,12606100010001C062,TRUE
2026-08-03 03:04:25.335,LIN-INNDES-01-UL,,126080114200012036,TRUE
2026-08-03 02:54:57.497,LIN-INNLDI-02-L,,126062203600001049,TRUE
2026-08-03 01:03:11.809,LIN-OUTDEV-01-UL,1260716029020,126061605400001048,TRUE
2026-08-03 00:48:16.280,WIR-DES-01-UL,,126072009300067012,TRUE
2026-08-03 00:34:40.059,WIR-DES-01-L,1260720093000,126072009300067012,TRUE
2026-08-03 08:00:47.004,SMK-DEV-01-UL,,126070703200001062,TRUE
2026-08-03 08:00:44.519,SMK-TUN-01-UL,2260527017010,12606130030002B040,TRUE
2026-08-03 08:00:44.329,LIN-INNTRE-01-UL,1260801029000,126080103000008044,TRUE
2026-08-03 08:00:37.698,SMK-SPR-01-L,1260611048000,126061104800001029,TRUE
2026-08-03 08:00:37.268,ELC-RED-01-UL,1260716029020,126071602900001075,TRUE
2026-08-03 08:00:33.924,WIR-Pretreatment-01-L,1260620160000,12606201600002B006,TRUE
2026-08-03 08:00:27.079,LIN-OUTTRE-01-UL,1260622042030,126062204800001076,TRUE
2026-08-03 08:00:51.351,LSR-Debrowning-01-L,1260716011060,126071601100058044,TRUE
2026-08-03 08:00:49.467,SMK-BRU-02-L,1260710037020,126071003700001054,TRUE
2026-08-03 08:00:48.735,AOI-RESAOI-01-L,1260709037020,126071003700001010,TRUE
2026-08-03 08:00:49.397,LSR-Debrowning-01-UL,1260716011060,126071601100058058,TRUE
2026-08-03 08:00:48.614,SUR-FLM-01-UL,1260626078030,126061605400001055,TRUE
2026-08-03 08:01:04.417,LAM-BOP-02-L,1260730085000,126073008500012004,TRUE
2026-08-03 08:01:02.564,AOI-RESAOI-01-L,1260709037020,126071003700001025,TRUE
2026-08-03 08:01:00.879,SMK-TUN-01-L,1260606185000,126060618500001030,TRUE
2026-08-03 08:01:00.813,LIN-INNTRE-01-UL,1260801029000,126080103000008045,TRUE
2026-08-03 08:00:59.270,LIN-INNLDI-01-L,1260801022000,126080102200004003,TRUE
2026-08-03 08:00:58.549,WIR-Vdevelop-01-UL,1260630179010,"12606301790003A155,BD",TRUE
2026-08-03 08:00:57.511,ROU-RIN-01-UL,,Error_202608031500575117,FALSE
2026-08-03 08:00:59.194,GLD-Pretreatment-01-L,2260523332000,22604240080002B055,TRUE
2026-08-03 08:00:53.487,ELC-RED-01-UL,1260716029020,126071602900001059,TRUE
2026-08-03 08:00:56.358,SMK-BRU-02-UL,1260710037020,126071003700001062,TRUE
2026-08-03 08:01:23.879,CPP-Patternplating-01-UL,1260711011000,126071101100049044,TRUE
2026-08-03 08:01:23.677,SMK-DEV-01-UL,,126070703200001047,TRUE
2026-08-03 08:01:23.347,CPP-Patternplating-01-L,1260711011010,126071101100049007,TRUE
2026-08-03 08:01:21.003,AOI-RESAOI-01-L,1260709037020,126071003700001011,TRUE
2026-08-03 08:01:20.283,SMK-BRU-02-L,1260710037020,126071003700001070,TRUE
2026-08-03 08:01:20.859,WIR-SE-01-L,1260725014000,M0960001K2000A-0607,TRUE
2026-08-03 08:01:10.265,WIR-SE-01-UL,1260725014000,M0960001K2000A-0607,TRUE
2026-08-03 08:01:18.584,SMK-TUN-01-L,1260606185000,126060618500001029,TRUE
2026-08-03 08:01:16.462,LSR-Debrowning-01-L,1260716011060,126071601100058041,TRUE
2026-08-03 08:01:14.505,SUR-FLM-01-UL,1260626078030,126061605400001080,TRUE
2026-08-03 08:01:17.396,SMK-TUN-01-UL,2260527017010,12606130030002B149,TRUE
2026-08-03 08:01:10.285,ELC-RED-01-UL,1260716029020,126071602900001069,TRUE
2026-08-03 08:01:11.415,LSR-Debrowning-01-UL,1260716011060,126071601100058055,TRUE
2026-08-03 08:01:10.001,ELC-TRE-01-L,1260710013000,126071001300001056,TRUE
2026-08-03 08:01:09.645,LIN-INNLDI-01-L,1260801022000,126080102200004001,TRUE
2026-08-03 08:01:09.130,SMK-SPR-01-L,1260611048000,126061104800001054/0,TRUE
2026-08-03 08:01:04.417,LAM-BOP-02-L,1260730085000,126073008500012004,TRUE
2026-08-03 08:01:00.813,LIN-INNTRE-01-UL,1260801029000,126080103000008045,TRUE
2026-08-03 08:01:00.315,CPP-Horizontalplating-01-UL,1260613002130,M0960111B2000A-0607,TRUE
2026-08-03 08:00:59.194,GLD-Pretreatment-01-L,2260523332000,22604240080002B055,TRUE
2026-08-03 08:00:58.549,WIR-Vdevelop-01-UL,1260630179010,"12606301790003A155,BD",TRUE
2026-08-03 08:00:56.358,SMK-BRU-02-UL,1260710037020,126071003700001062,TRUE
2026-08-03 08:00:33.924,WIR-Pretreatment-01-L,1260620160000,12606201600002B006,TRUE
2026-08-03 08:00:57.511,ROU-RIN-01-UL,,Error_202608031500575117,FALSE
2026-08-03 08:00:27.079,LIN-OUTTRE-01-UL,1260622042030,126062204800001076,TRUE
2026-08-03 08:00:20.882,GLD-RinseENEPIG-01-UL,,Error_202608031500208823,FALSE
2026-08-03 07:59:27.574,LIN-INNDES-01-L,,Error_202608031459275745,FALSE
2026-08-03 07:57:53.045,FVI-OSP-01-UL,1260610086000,12606100860000105401,TRUE
2026-08-03 07:57:17.766,ELC-TRE-01-UL,1260716023020,126071602300001022,TRUE
2026-08-03 07:56:59.644,SDM-DI-01-UL,1260610001010,12606100010001C106,TRUE
2026-08-03 07:56:41.169,LAM-BOP-02-UL,1260730085000,126073008500012039,TRUE
2026-08-03 07:56:06.139,LIN-OUTDES-01-UL,1260620133030,126062015700001072,TRUE
2026-08-03 07:55:08.707,WIR-Vdevelop-01-L,1260630179010,12606301790003A179,TRUE
2026-08-03 07:56:04.384,LAM-BOP-01-L,1260714070010,126071407001067116,TRUE
2026-08-03 07:51:20.741,ELC-RED-01-L,1260716029020,126071602900001031,TRUE
2026-08-03 07:45:11.658,WIR-LDI-01-UL,,12606201600002B028,TRUE
2026-08-03 07:45:20.111,CPP-VCP-01-L,1260731061000,126072501100400008,TRUE
2026-08-03 07:49:17.031,LIN-OUTDES-01-L,1260622006060,126062200600001019,TRUE
2026-08-03 07:39:25.573,WIR-LDI-01-L,,12606201600002B028,TRUE
2026-08-03 07:47:22.093,LIN-INNTRE-02-UL-2,,126080102800004029,TRUE
2026-08-03 07:36:59.321,AOI-PEP-01-L,1260729073000,Error_202608031436593214,FALSE
2026-08-03 07:48:08.306,LIN-INNTRE-02-UL-1,,126080102800004030,TRUE
2026-08-03 07:38:40.069,LIN-OUTTRE-01-L,1260622048030,126062204800001010,TRUE
2026-08-03 07:34:36.598,CPP-Horizontalplating-01-L,1260718161010,126072501300400108,TRUE
2026-08-03 07:28:47.592,ELC-PUL-01-UL,1260630336000,Error_202608031428475923,FALSE
2026-08-03 07:21:13.219,WIR-TrayCleaning-01-L,,,FALSE
2026-08-03 07:05:12.385,SMK-BRU-01-UL,1260721074010,M0960111B2000A-0607,TRUE
2026-08-03 07:09:52.834,SDM-DI-01-L,1260606001010,12606100010002B016,TRUE
2026-08-03 07:01:47.976,WIR-Pretreatment-01-UL,1260613002130,12606130020001C179,TRUE
2026-08-03 07:22:58.935,AOI-RESAOI-01-UL,1260704085020,126070408500001038,TRUE
2026-08-03 06:52:08.457,ELC-PUL-02-UL,1260611066020,126061106600001029,TRUE
2026-08-03 06:58:08.579,SMK-BRU-01-L,1260721074010,M0960111B2000A-0607,TRUE
2026-08-03 06:37:38.006,ELC-INS-01-L,1260711114000,126071111400001036,TRUE
2026-08-03 06:31:33.695,ELC-INS-01-UL,1260711066000,126071106600001073,TRUE
2026-08-03 06:00:43.167,SMK-TRE-01-L,1260722003000,126072200300001007,TRUE
2026-08-03 05:40:41.498,ELC-PUL-01-L,1260630336020,126063033600001019,TRUE
2026-08-03 06:25:42.999,SMK-DEV-01-L,1260717012000,126070700800001008,TRUE
2026-08-03 05:20:13.310,GLD-IR-01-L,,126061603000001006,TRUE
2026-08-03 05:19:53.228,ELC-PUL-02-L,1260611066020,126061106600001002,TRUE
2026-08-03 05:28:44.928,GLD-IR-01-UL,,Error_202608031228449284,FALSE
2026-08-03 05:08:33.547,GLD-Pretreatment-01-UL,2260523332000,22605233320001C094,TRUE
2026-08-03 04:47:25.072,SMK-DIX-01-L,1260708040000,126070804000001039,TRUE
2026-08-03 04:46:00.533,SMK-TRE-01-UL,1260708034020,ERROR_202608031146005339,TRUE
2026-08-03 04:39:59.947,LIN-INNDES-02-UL,,126080100800012036,TRUE
2026-08-03 04:22:51.318,AOI-PEP-01-UL,1260729073000,126072907300006007,TRUE
2026-08-03 04:34:03.504,ELC-DEP-01-UL,1260611066020,Error_202608031134035041,FALSE
2026-08-03 03:05:29.233,SDM-Develop-01-UL,1260613003000,12606100010001C062,TRUE
2026-08-03 03:04:25.335,LIN-INNDES-01-UL,,126080114200012036,TRUE
2026-08-03 03:44:58.295,ELC-DEP-01-L,1260611066020,126061106600001011,TRUE
2026-08-03 01:03:11.809,LIN-OUTDEV-01-UL,1260716029020,126061605400001048,TRUE
2026-08-03 02:54:57.497,LIN-INNLDI-02-L,,126062203600001049,TRUE
2026-08-03 00:48:16.280,WIR-DES-01-UL,,126072009300067012,TRUE
2026-08-03 00:34:40.059,WIR-DES-01-L,1260720093000,126072009300067012,TRUE
2026-08-03 08:01:44.271,ELC-RED-01-UL,1260716029020,126071602900001037,TRUE
2026-08-03 08:01:43.423,ELC-TRE-01-L,1260710013000,126071001300001032,TRUE
2026-08-03 08:01:41.571,LSR-Debrowning-01-L,1260716011060,126071601100058042,TRUE
2026-08-03 08:01:39.443,SUR-FLM-01-UL,1260626078030,126061605400001037,TRUE
2026-08-03 08:01:37.305,GLD-RinseENEPIG-01-UL,,22605233320001C100,TRUE
2026-08-03 08:01:36.500,ROU-RIN-01-UL,,Error_202608031501365000,FALSE
2026-08-03 08:01:36.040,GLD-Pretreatment-01-L,2260523332000,22604240080002B013,TRUE
2026-08-03 08:01:34.946,LSR-Debrowning-01-UL,1260716011060,126071601100058056,TRUE
2026-08-03 08:01:29.441,AOI-RESAOI-01-UL,1260709037020,126071003700001010,TRUE
2026-08-03 08:01:28.986,SMK-BRU-02-UL,1260710037020,126071003700001047,TRUE
2026-08-03 08:01:23.347,CPP-Patternplating-01-L,1260711011010,126071101100049007,TRUE
2026-08-03 08:00:33.924,WIR-Pretreatment-01-L,1260620160000,12606201600002B006,TRUE
2026-08-03 07:51:20.741,ELC-RED-01-L,1260716029020,126071602900001031,TRUE
2026-08-03 06:58:08.579,SMK-BRU-01-L,1260721074010,M0960111B2000A-0607,TRUE
2026-08-03 02:54:57.497,LIN-INNLDI-02-L,,126062203600001049,TRUE
2026-08-03 07:59:27.574,LIN-INNDES-01-L,,Error_202608031459275745,FALSE
2026-08-03 08:01:53.207,WIR-Pretreatment-01-L,1260620160000,12606201600002B003,TRUE
2026-08-03 08:01:52.785,AOI-RESAOI-01-UL,1260709037020,126071003700001025,TRUE
2026-08-03 08:01:51.394,LIN-OUTTRE-01-UL,1260622042030,126062204800001036,TRUE
2026-08-03 08:01:50.423,SMK-BRU-02-L,1260710037020,126071003700001033,TRUE
2026-08-03 08:01:49.147,SMK-TUN-01-UL,2260527017010,12606130030002B047,TRUE
2026-08-03 08:01:49.441,LIN-INNDES-01-L,,Error_202608031501494418,FALSE
2026-08-03 08:01:44.694,SMK-SPR-01-L,1260611048000,126061104800001065/0,TRUE
2026-08-03 08:01:44.394,AOI-RESAOI-01-L,1260709037020,126071003700001001,TRUE
2026-08-03 03:05:29.233,SDM-Develop-01-UL,1260613003000,12606100010001C062,TRUE
2026-08-03 02:54:57.497,LIN-INNLDI-02-L,,126062203600001049,TRUE
2026-08-03 08:02:16.878,ELC-TRE-01-L,1260710013000,126071001300001078,TRUE
2026-08-03 08:02:16.306,ELC-RED-01-UL,1260716029020,126071602900001033,TRUE
2026-08-03 08:02:15.979,GLD-RinseENEPIG-01-UL,,22605233320001C102,TRUE
2026-08-03 08:02:15.941,AOI-RESAOI-01-UL,1260709037020,126071003700001011,TRUE
2026-08-03 08:02:15.130,WIR-Pretreatment-01-L,1260620160000,12606201600002B004,TRUE
2026-08-03 08:02:14.395,LIN-INNDES-01-L,,Error_202608031502143957,FALSE
2026-08-03 08:02:11.776,GLD-Pretreatment-01-L,2260523332000,22604240080001C204,TRUE
2026-08-03 08:02:10.208,WIR-Vdevelop-01-UL,1260630179010,"12606301790003A154,BD",TRUE
2026-08-03 08:02:07.566,AOI-RESAOI-01-L,1260709037020,126071003700001002,TRUE
2026-08-03 08:02:07.244,LSR-Debrowning-01-L,1260716011060,126071601100058039,TRUE
2026-08-03 08:02:06.758,SUR-FLM-01-UL,1260626078030,126061605400001061,TRUE
2026-08-03 08:02:04.723,LAM-BOP-01-L,1260714070010,126071407001067116,TRUE
2026-08-03 08:02:06.617,SMK-TUN-01-L,1260606185000,126060618500001070,TRUE
2026-08-03 08:01:59.835,SMK-DEV-01-UL,,126070703200001020,TRUE
2026-08-03 08:02:00.555,LSR-Debrowning-01-UL,1260716011060,126071601100058053,TRUE
2026-08-03 08:01:58.554,SMK-SPR-01-L,1260611048000,126061104800001006,TRUE
2026-08-03 08:01:59.674,SMK-BRU-02-UL,1260710037020,126071003700001049,TRUE
2026-08-03 07:56:06.139,LIN-OUTDES-01-UL,1260620133030,126062015700001072,TRUE
2026-08-03 08:02:24.336,SMK-TUN-01-L,1260606185000,126060618500001013,TRUE
2026-08-03 08:02:25.448,LSR-Debrowning-01-UL,1260716011060,126071601100058054,TRUE
2026-08-03 08:02:20.831,SMK-BRU-02-L,1260710037020,126071003700001074,TRUE
2026-08-03 08:02:18.961,SMK-SPR-01-L,1260611048000,126061104800001064/0,TRUE
2026-08-03 08:02:18.381,CPP-Patternplating-01-UL,1260711011000,126071101100049045,TRUE
2026-08-03 08:02:17.365,CPP-Patternplating-01-L,1260711011010,126071101100049121,TRUE
2026-08-03 08:01:49.147,SMK-TUN-01-UL,2260527017010,12606130030002B047,TRUE
2026-08-03 08:02:14.395,LIN-INNDES-01-L,,Error_202608031502143957,FALSE
2026-08-03 02:54:57.497,LIN-INNLDI-02-L,,126062203600001049,TRUE
2026-08-03 08:01:09.645,LIN-INNLDI-01-L,1260801022000,126080102200004001,TRUE
2026-08-03 08:02:34.942,LAM-BOP-01-L,1260714070010,126071407001067117,TRUE
2026-08-03 08:02:34.801,ELC-TRE-01-L,1260710013000,126071001300001073,TRUE
2026-08-03 08:02:32.417,ELC-RED-01-UL,1260716029020,126071602900001028,TRUE
2026-08-03 08:02:32.167,LSR-Debrowning-01-L,1260716011060,126071601100058040,TRUE
2026-08-03 08:02:31.758,SUR-FLM-01-UL,1260626078030,126061605400001062,TRUE
2026-08-03 08:02:30.754,AOI-RESAOI-01-L,1260709037020,126071003700001058,TRUE
2026-08-03 08:02:28.941,SMK-BRU-02-UL,1260710037020,126071003700001066,TRUE
2026-08-03 08:02:18.961,SMK-SPR-01-L,1260611048000,126061104800001064/0,TRUE
2026-08-03 07:57:17.766,ELC-TRE-01-UL,1260716023020,126071602300001022,TRUE
2026-08-03 08:02:40.163,ROU-RIN-01-UL,,Error_202608031502401631,FALSE
2026-08-03 08:02:38.645,AOI-RESAOI-01-UL,1260709037020,126071003700001001,TRUE
2026-08-03 08:02:37.086,SMK-DEV-01-UL,,126070703200001071,TRUE
2026-08-03 08:02:34.942,LAM-BOP-01-L,1260714070010,126071407001067117,TRUE
2026-08-03 08:02:32.417,ELC-RED-01-UL,1260716029020,126071602900001028,TRUE
2026-08-03 08:02:18.961,SMK-SPR-01-L,1260611048000,126061104800001064/0,TRUE
2026-08-03 02:54:57.497,LIN-INNLDI-02-L,,126062203600001049,TRUE
2026-08-03 11:07:23.878,LIN-INNDES-01-L,,Error_202608031807238781,FALSE
2026-08-03 11:07:22.467,CPP-Patternplating-01-UL,1260711011000,12606301790003A145,TRUE
2026-08-03 11:07:21.582,SMK-BRU-01-UL,1260616054010,126061605400001017,TRUE
2026-08-03 11:07:21.862,LAM-BOP-02-UL,1260730090000,126073009000010008,TRUE
2026-08-03 11:07:22.206,LIN-OUTTRE-01-L,1260627152000,126062715200001002,TRUE
2026-08-03 11:07:20.874,CPP-Patternplating-01-L,1260613002000,12606130020001C105,TRUE
2026-08-03 11:07:16.795,WIR-Pretreatment-01-UL,1260627002010,12606270020003A172,TRUE
2026-08-03 11:07:14.644,LSR-Debrowning-01-L,1260623098000,12606230980002B031,TRUE
2026-08-03 11:07:16.481,SUR-FLM-01-UL,1260626078030,126071507800001048,TRUE
2026-08-03 11:07:15.170,CPP-Horizontalplating-01-L,1260703002000,126072501300400090,TRUE
2026-08-03 11:07:12.996,SMK-SPR-01-L,1260706006000,126070600600001064,TRUE
2026-08-03 11:07:13.144,LIN-OUTDES-01-L,1260623176000,126062317600001019,TRUE
2026-08-03 11:07:12.795,WIR-Pretreatment-01-L,1260630180000,12606301800003A031,TRUE
2026-08-03 11:07:05.795,WIR-SE-01-L,1260724001010,M0960013A2000G-0607,TRUE
2026-08-03 11:07:12.572,ELC-DEP-01-UL,1260720020020,126072002000001018,TRUE
2026-08-03 11:07:08.717,WIR-SE-01-UL,1260724001000,M0960013A2000G-0607,TRUE
2026-08-03 11:07:05.545,CPP-Horizontalplating-01-UL,1260613002130,12607020110003A163,TRUE
2026-08-03 11:07:04.009,ELC-DEP-01-L,1260704019020,126070401900001007,TRUE
2026-08-03 11:06:56.972,LAM-BOP-02-L,1260730090000,126073008500012060,TRUE
2026-08-03 11:06:55.900,SMK-TUN-01-UL,2260527017010,126061008000001056,TRUE
2026-08-03 11:07:02.393,LIN-INNTRE-02-UL-2,,126080104300010080,TRUE
2026-08-03 11:06:51.561,WIR-Vdevelop-01-L,1260620160000,12606201600002B031,TRUE
2026-08-03 11:06:47.425,LIN-OUTDES-01-UL,1260622060030,126062206000001030,TRUE
2026-08-03 11:06:35.266,ELC-PUL-01-L,1260720032020,126072003200001035,TRUE
2026-08-03 11:06:44.407,ELC-PUL-02-L,1260703042020,126070304200001026,TRUE
2026-08-03 11:06:17.415,SDM-DI-01-L,1260606001010,12606100010001C232,TRUE
2026-08-03 11:06:16.623,LAM-BOP-01-L,1260720093000,126072009300067008,TRUE
2026-08-03 11:06:21.366,SMK-BRU-02-UL,1260716053020,126063033000001025,TRUE
2026-08-03 11:06:17.628,LIN-OUTTRE-01-UL,1260706036000,126070603600001059,TRUE
2026-08-03 10:58:17.603,LIN-INNLDI-01-L,1260801031000,126080103100010004,TRUE
2026-08-03 11:06:13.417,LIN-INNTRE-02-UL-1,,126080104300010079,TRUE
2026-08-03 11:00:01.209,WIR-TrayCleaning-01-L,,,FALSE
2026-08-03 10:53:15.777,WIR-Decoatbake-01-L,1260624079010,Error_202608031753157779,FALSE
2026-08-03 11:03:54.940,SDM-DI-01-UL,1260610001010,12606100010001C228,TRUE
2026-08-03 10:56:48.285,SMK-BRU-01-L,1260616054010,126061605400001017,TRUE
2026-08-03 10:53:04.295,LSR-Debrowning-01-UL,1260623098150,12606230980002B038,TRUE
2026-08-03 10:44:33.244,AOI-RESAOI-01-UL,1260716053000,126071605300001018,TRUE
2026-08-03 10:50:02.375,LIN-INNDES-02-UL,,Error_202608031750023756,FALSE
2026-08-03 10:53:48.201,SMK-BRU-02-L,1260716053020,126063033000001025,TRUE
2026-08-03 10:48:30.923,SMK-DEV-01-UL,,126070802200001016,TRUE
2026-08-03 10:34:08.686,GLD-RinseENEPIG-01-UL,,22605233320001C110,TRUE
2026-08-03 10:48:44.282,SMK-TRE-01-UL,1260708064000,126070806400001038,TRUE
2026-08-03 10:44:06.385,AOI-RESAOI-01-L,1260716053000,126071605300001048,TRUE
2026-08-03 10:42:02.301,SMK-TRE-01-L,1260708064000,126070806400001038,TRUE
2026-08-03 10:36:04.341,ROU-RIN-01-UL,,Error_202608031736043416,FALSE
2026-08-03 10:26:37.459,LIN-INNTRE-01-UL,1260801042000,126080104200008077,TRUE
2026-08-03 10:31:17.663,LIN-INNDES-02-L,,126080101200008028,TRUE
2026-08-03 10:23:41.649,WIR-LDI-01-UL,,12606201600002B124,TRUE
2026-08-03 10:31:01.670,SMK-TUN-01-L,1260610062000,126061006200001001,TRUE
2026-08-03 09:57:12.879,WIR-Vdevelop-01-UL,1260613002130,Error_202608031657128799,FALSE
2026-08-03 09:57:06.402,ELC-TRE-01-UL,1260704079020,126070407900001079,TRUE
2026-08-03 10:17:32.748,WIR-LDI-01-L,,12606201600002B124,TRUE
2026-08-03 09:57:13.582,FVI-OSP-01-UL,1260703018000,12607030180000101801,TRUE
2026-08-03 09:50:20.648,SDM-Develop-01-UL,1260613003000,12606100010001C200,TRUE
2026-08-03 09:33:31.583,SMK-DIX-01-L,1260708034000,126070803400001018,TRUE
2026-08-03 09:53:22.654,ELC-TRE-01-L,1260704079020,126070407900001079,TRUE
2026-08-03 09:29:48.690,CPP-VCP-01-L,1260729063001,126072700200400105,TRUE
2026-08-03 09:25:24.979,ELC-RED-01-UL,1260729056000,126072905600001040,TRUE
2026-08-03 08:25:43.080,GLD-Pretreatment-01-L,2260523332000,22604240080002B017,TRUE
2026-08-03 09:24:26.616,SMK-DEV-01-L,,126063030000001013,TRUE
2026-08-03 09:18:21.384,ELC-RED-01-L,1260729056010,126072905600001040,TRUE
2026-08-03 06:37:38.006,ELC-INS-01-L,1260711114000,126071111400001036,TRUE
2026-08-03 07:28:47.592,ELC-PUL-01-UL,1260630336000,Error_202608031428475923,FALSE
2026-08-03 07:36:59.321,AOI-PEP-01-L,1260729073000,Error_202608031436593214,FALSE
2026-08-03 06:52:08.457,ELC-PUL-02-UL,1260611066020,126061106600001029,TRUE
2026-08-03 06:31:33.695,ELC-INS-01-UL,1260711066000,126071106600001073,TRUE
2026-08-03 05:20:13.310,GLD-IR-01-L,,126061603000001006,TRUE
2026-08-03 04:22:51.318,AOI-PEP-01-UL,1260729073000,126072907300006007,TRUE
2026-08-03 05:08:33.547,GLD-Pretreatment-01-UL,2260523332000,22605233320001C094,TRUE
2026-08-03 02:54:57.497,LIN-INNLDI-02-L,,126062203600001049,TRUE
2026-08-03 01:03:11.809,LIN-OUTDEV-01-UL,1260716029020,126061605400001048,TRUE
2026-08-03 03:04:25.335,LIN-INNDES-01-UL,,126080114200012036,TRUE
2026-08-03 00:34:40.059,WIR-DES-01-L,1260720093000,126072009300067012,TRUE
2026-08-03 05:28:44.928,GLD-IR-01-UL,,Error_202608031228449284,FALSE
2026-08-03 00:48:16.280,WIR-DES-01-UL,,126072009300067012,TRUE
2026-08-03 11:07:37.785,LIN-INNDES-01-L,,Error_202608031807377850,FALSE
2026-08-03 11:07:32.863,LAM-BOP-02-UL,1260730090000,126073009000010006,TRUE
2026-08-03 11:07:37.603,ELC-DEP-01-UL,1260720020020,126072002000001005,TRUE
2026-08-03 11:07:32.639,CPP-Horizontalplating-01-L,1260703002000,126072501300400111,TRUE
2026-08-03 11:07:32.285,LIN-OUTDES-01-L,1260623176000,126062317600001004,TRUE
2026-08-03 11:07:31.124,WIR-LDI-01-L,,12606270020003A051,TRUE
2026-08-03 11:07:30.533,ELC-PUL-02-L,1260703042020,126070304200001009,TRUE
2026-08-03 11:07:30.942,ELC-PUL-01-L,1260720032020,126072003200001036,TRUE
2026-08-03 11:07:29.309,SMK-SPR-01-L,1260706006000,126070600600001032/0,TRUE
2026-08-03 11:07:29.327,CPP-Horizontalplating-01-UL,1260613002130,12607020110003A164,TRUE
2026-08-03 11:07:27.668,SMK-TUN-01-UL,2260527017010,126061008000001063,TRUE
2026-08-03 11:07:27.295,WIR-Vdevelop-01-L,1260620160000,12606201600002B026,TRUE
2026-08-03 11:07:21.582,SMK-BRU-01-UL,1260616054010,126061605400001017,TRUE
2026-08-03 11:07:25.066,LIN-OUTDES-01-UL,1260622060030,126062206000001042,TRUE
2026-08-03 11:07:46.170,SMK-SPR-01-L,1260706006000,126070600600001002,TRUE
2026-08-03 11:07:44.741,LSR-Debrowning-01-L,1260623098000,12606230980002B032,TRUE
2026-08-03 11:07:44.411,LAM-BOP-02-UL,1260730090000,126073009000010004,TRUE
2026-08-03 11:07:44.176,LIN-OUTDES-01-UL,1260622060030,126062206000001061,TRUE
2026-08-03 11:07:38.754,LIN-OUTTRE-01-L,1260627152000,126062715200001048,TRUE
2026-08-03 11:07:37.872,SUR-FLM-01-UL,1260626078030,126071507800001005,TRUE
2026-08-03 11:07:53.489,LAM-BOP-02-L,1260730091000,126073009700012038,TRUE
2026-08-03 11:07:53.421,WIR-Pretreatment-01-L,1260630180000,12606301800003A032,TRUE
2026-08-03 11:07:53.406,CPP-Horizontalplating-01-UL,1260613002130,12607020110003A165,TRUE
2026-08-03 11:07:52.598,LIN-INNDES-01-L,,Error_202608031807525986,FALSE
2026-08-03 11:07:51.147,LIN-OUTDES-01-L,1260623176000,126062317600001032,TRUE
2026-08-03 11:07:50.241,SDM-DI-01-L,1260606001010,12606100010002B124,TRUE
2026-08-03 11:07:47.015,WIR-LDI-01-L,,12606270020003A050,TRUE
2026-08-03 23:37:18.349,WIR-SE-01-L,1260627002110,12606270020003A028,TRUE
2026-08-03 23:51:29.006,WIR-SE-01-UL,1260627002110,12606270020003A028,TRUE
2026-08-03 23:33:14.582,LIN-INNDES-01-L,,Error_202608040633145824,FALSE
2026-08-03 23:28:13.287,SMK-TRE-01-L,1260616091010,12606160910001C191,TRUE
2026-08-03 23:21:57.869,SUR-FLM-01-UL,,12606040020001C190,TRUE
2026-08-03 23:10:53.218,LIN-OUTDEV-01-L,1260710007020,126071000700001072,TRUE
2026-08-03 23:19:06.501,LIN-OUTDEV-01-UL,1260710007020,126071000700001067,TRUE
2026-08-03 22:58:08.383,WIR-Vdevelop-01-UL,1260710001010,"126071000100049123,BD",TRUE
2026-08-03 22:53:46.613,FVI-OSP-01-UL,1260605148000,12606051480000108401,TRUE
2026-08-03 22:56:25.835,SDM-Develop-01-UL,,12606110960001C094,TRUE
2026-08-03 22:49:38.880,WIR-Vdevelop-01-L,1260710001010,126071000100049123,TRUE
2026-08-03 23:35:02.929,SMK-TRE-01-UL,1260616091010,12606160910002B001,TRUE
2026-08-03 22:45:36.870,SMK-DEV-01-UL,,126070900700001041,TRUE
2026-08-03 22:32:17.978,SMK-BRU-01-UL,1260627140030,126062714000001047,TRUE
2026-08-03 22:28:57.650,CPP-VCP-01-L,1260723001010,126072700200400096,TRUE
2026-08-03 22:21:58.957,SMK-BRU-01-L,1260627140030,126062714000001047,TRUE
2026-08-03 22:04:56.816,DRL-INS-01-UL,1260725010000,12607250100004F030,TRUE
2026-08-03 21:59:46.379,DRL-INS-01-L,1260725010000,12607250100004F006,TRUE
2026-08-03 21:58:34.631,WIR-DES-01-UL,1260709062110,12606240870003I003,TRUE
2026-08-03 22:40:46.918,SMK-DEV-01-L,,126070900700001066,TRUE
2026-08-03 21:54:59.209,GLD-Pretreatment-01-L,2260523331000,22605233310001C120,TRUE
2026-08-03 21:17:22.674,AOI-RESAOI-01-L,1260706042010,126070604200001043,TRUE
2026-08-03 21:22:44.882,SMK-TUN-01-L,1260708046000,126070804600001049,TRUE
2026-08-03 21:06:48.267,ELC-INS-01-UL,1260710013000,126071001300001032,TRUE
2026-08-03 21:17:34.514,AOI-RESAOI-01-UL,1260706042010,126070604200001075,TRUE
2026-08-03 21:05:30.261,ELC-INS-01-L,1260710013000,126071001300001032,TRUE
2026-08-03 14:55:39.628,SDM-DI-01-UL,1260610001010,12606110960002B029,TRUE
2026-08-03 16:45:44.261,WIR-DES-01-L,1260624087270,12606240870003I004,TRUE
2026-08-03 22:05:24.297,GLD-Pretreatment-01-UL,2260523331000,22605233310001C192,TRUE
2026-08-03 03:04:25.335,LIN-INNDES-01-UL,,126080114200012036,TRUE
2026-08-03 12:50:19.021,SDM-DI-01-L,,12606110960001C061,TRUE
2026-08-03 13:01:49.206,LIN-INNLDI-02-L,1260709031020,126070903100001046,TRUE
2026-08-03 21:17:34.514,AOI-RESAOI-01-UL,1260706042010,126070604200001075,TRUE
2026-08-03 13:01:49.206,LIN-INNLDI-02-L,1260709031020,126070903100001046,TRUE
2026-08-03 21:17:34.514,AOI-RESAOI-01-UL,1260706042010,126070604200001075,TRUE
2026-08-03 13:01:49.206,LIN-INNLDI-02-L,1260709031020,126070903100001046,TRUE
2026-08-03 22:40:46.918,SMK-DEV-01-L,,126070900700001066,TRUE
2026-08-03 22:04:56.816,DRL-INS-01-UL,1260725010000,12607250100004F030,TRUE
2026-08-03 22:04:56.816,DRL-INS-01-UL,1260725010000,12607250100004F030,TRUE
2026-08-03 22:04:56.816,DRL-INS-01-UL,1260725010000,12607250100004F030,TRUE
2026-08-03 22:04:56.816,DRL-INS-01-UL,1260725010000,12607250100004F030,TRUE
2026-08-03 22:45:36.870,SMK-DEV-01-UL,,126070900700001041,TRUE
2026-08-03 22:04:56.816,DRL-INS-01-UL,1260725010000,12607250100004F030,TRUE
2026-08-03 12:50:19.021,SDM-DI-01-L,,12606110960001C061,TRUE
2026-08-03 13:01:49.206,LIN-INNLDI-02-L,1260709031020,126070903100001046,TRUE
2026-08-03 21:54:59.209,GLD-Pretreatment-01-L,2260523331000,22605233310001C120,TRUE
2026-08-03 13:01:49.206,LIN-INNLDI-02-L,1260709031020,126070903100001046,TRUE
2026-08-03 14:55:39.628,SDM-DI-01-UL,1260610001010,12606110960002B029,TRUE
2026-08-03 13:01:49.206,LIN-INNLDI-02-L,1260709031020,126070903100001046,TRUE
2026-08-03 13:01:49.206,LIN-INNLDI-02-L,1260709031020,126070903100001046,TRUE
2026-08-03 23:37:18.349,WIR-SE-01-L,1260627002110,12606270020003A028,TRUE
2026-08-03 23:51:29.006,WIR-SE-01-UL,1260627002110,12606270020003A028,TRUE
2026-08-03 23:28:13.287,SMK-TRE-01-L,1260616091010,12606160910001C191,TRUE
2026-08-03 23:33:14.582,LIN-INNDES-01-L,,Error_202608040633145824,FALSE
2026-08-03 23:35:02.929,SMK-TRE-01-UL,1260616091010,12606160910002B001,TRUE
2026-08-03 23:19:06.501,LIN-OUTDEV-01-UL,1260710007020,126071000700001067,TRUE
2026-08-03 22:45:36.870,SMK-DEV-01-UL,,126070900700001041,TRUE
2026-08-03 22:56:25.835,SDM-Develop-01-UL,,12606110960001C094,TRUE
2026-08-03 23:10:53.218,LIN-OUTDEV-01-L,1260710007020,126071000700001072,TRUE
2026-08-03 22:53:46.613,FVI-OSP-01-UL,1260605148000,12606051480000108401,TRUE
2026-08-03 22:32:17.978,SMK-BRU-01-UL,1260627140030,126062714000001047,TRUE
2026-08-03 22:28:57.650,CPP-VCP-01-L,1260723001010,126072700200400096,TRUE
2026-08-03 22:40:46.918,SMK-DEV-01-L,,126070900700001066,TRUE
2026-08-03 22:21:58.957,SMK-BRU-01-L,1260627140030,126062714000001047,TRUE
2026-08-03 21:22:44.882,SMK-TUN-01-L,1260708046000,126070804600001049,TRUE
2026-08-03 21:59:46.379,DRL-INS-01-L,1260725010000,12607250100004F006,TRUE
2026-08-03 21:58:34.631,WIR-DES-01-UL,1260709062110,12606240870003I003,TRUE
2026-08-03 22:04:56.816,DRL-INS-01-UL,1260725010000,12607250100004F030,TRUE
2026-08-03 14:55:39.628,SDM-DI-01-UL,1260610001010,12606110960002B029,TRUE
2026-08-03 16:45:44.261,WIR-DES-01-L,1260624087270,12606240870003I004,TRUE
2026-08-03 21:17:34.514,AOI-RESAOI-01-UL,1260706042010,126070604200001075,TRUE
2026-08-03 21:17:22.674,AOI-RESAOI-01-L,1260706042010,126070604200001043,TRUE
2026-08-03 12:50:19.021,SDM-DI-01-L,,12606110960001C061,TRUE
2026-08-03 13:01:49.206,LIN-INNLDI-02-L,1260709031020,126070903100001046,TRUE
2026-08-03 03:04:25.335,LIN-INNDES-01-UL,,126080114200012036,TRUE
2026-08-03 21:17:22.674,AOI-RESAOI-01-L,1260706042010,126070604200001043,TRUE
2026-08-03 21:58:34.631,WIR-DES-01-UL,1260709062110,12606240870003I003,TRUE
2026-08-03 14:55:39.628,SDM-DI-01-UL,1260610001010,12606110960002B029,TRUE
2026-08-03 13:01:49.206,LIN-INNLDI-02-L,1260709031020,126070903100001046,TRUE
2026-08-03 22:45:36.870,SMK-DEV-01-UL,,126070900700001041,TRUE
2026-08-03 13:01:49.206,LIN-INNLDI-02-L,1260709031020,126070903100001046,TRUE
2026-08-03 22:45:36.870,SMK-DEV-01-UL,,126070900700001041,TRUE
2026-08-03 22:40:46.918,SMK-DEV-01-L,,126070900700001066,TRUE
2026-08-03 22:04:56.816,DRL-INS-01-UL,1260725010000,12607250100004F030,TRUE
2026-08-03 13:01:49.206,LIN-INNLDI-02-L,1260709031020,126070903100001046,TRUE
2026-08-03 22:04:56.816,DRL-INS-01-UL,1260725010000,12607250100004F030,TRUE
2026-08-03 22:04:56.816,DRL-INS-01-UL,1260725010000,12607250100004F030,TRUE
2026-08-03 12:50:19.021,SDM-DI-01-L,,12606110960001C061,TRUE
2026-08-03 12:50:19.021,SDM-DI-01-L,,12606110960001C061,TRUE
2026-08-03 13:01:49.206,LIN-INNLDI-02-L,1260709031020,126070903100001046,TRUE
2026-08-03 22:45:36.870,SMK-DEV-01-UL,,126070900700001041,TRUE
2026-08-03 22:53:46.613,FVI-OSP-01-UL,1260605148000,12606051480000108401,TRUE
2026-08-03 22:40:46.918,SMK-DEV-01-L,,126070900700001066,TRUE
2026-08-03 22:04:56.816,DRL-INS-01-UL,1260725010000,12607250100004F030,TRUE
2026-08-03 21:59:46.379,DRL-INS-01-L,1260725010000,12607250100004F006,TRUE
2026-08-03 13:01:49.206,LIN-INNLDI-02-L,1260709031020,126070903100001046,TRUE
2026-08-03 21:22:44.882,SMK-TUN-01-L,1260708046000,126070804600001049,TRUE
2026-08-03 13:01:49.206,LIN-INNLDI-02-L,1260709031020,126070903100001046,TRUE
2026-08-03 13:01:49.206,LIN-INNLDI-02-L,1260709031020,126070903100001046,TRUE
2026-08-03 13:01:49.206,LIN-INNLDI-02-L,1260709031020,126070903100001046,TRUE
2026-08-03 13:01:49.206,LIN-INNLDI-02-L,1260709031020,126070903100001046,TRUE
2026-08-03 13:01:49.206,LIN-INNLDI-02-L,1260709031020,126070903100001046,TRUE
2026-08-03 13:01:49.206,LIN-INNLDI-02-L,1260709031020,126070903100001046,TRUE
2026-08-03 22:45:36.870,SMK-DEV-01-UL,,126070900700001041,TRUE
2026-08-03 13:01:49.206,LIN-INNLDI-02-L,1260709031020,126070903100001046,TRUE
2026-08-03 13:01:49.206,LIN-INNLDI-02-L,1260709031020,126070903100001046,TRUE
2026-08-03 13:01:49.206,LIN-INNLDI-02-L,1260709031020,126070903100001046,TRUE
2026-08-03 13:01:49.206,LIN-INNLDI-02-L,1260709031020,126070903100001046,TRUE
2026-08-03 13:01:49.206,LIN-INNLDI-02-L,1260709031020,126070903100001046,TRUE
2026-08-03 13:01:49.206,LIN-INNLDI-02-L,1260709031020,126070903100001046,TRUE
2026-08-03 13:01:49.206,LIN-INNLDI-02-L,1260709031020,126070903100001046,TRUE
2026-08-03 13:01:49.206,LIN-INNLDI-02-L,1260709031020,126070903100001046,TRUE
2026-08-03 13:01:49.206,LIN-INNLDI-02-L,1260709031020,126070903100001046,TRUE
2026-08-03 13:01:49.206,LIN-INNLDI-02-L,1260709031020,126070903100001046,TRUE
2026-08-03 13:01:49.206,LIN-INNLDI-02-L,1260709031020,126070903100001046,TRUE
2026-08-03 13:01:49.206,LIN-INNLDI-02-L,1260709031020,126070903100001046,TRUE
2026-08-03 22:45:36.870,SMK-DEV-01-UL,,126070900700001041,TRUE
2026-08-03 13:01:49.206,LIN-INNLDI-02-L,1260709031020,126070903100001046,TRUE
2026-08-03 13:01:49.206,LIN-INNLDI-02-L,1260709031020,126070903100001046,TRUE
2026-08-03 13:01:49.206,LIN-INNLDI-02-L,1260709031020,126070903100001046,TRUE
2026-08-03 21:22:44.882,SMK-TUN-01-L,1260708046000,126070804600001049,TRUE
2026-08-03 22:45:36.870,SMK-DEV-01-UL,,126070900700001041,TRUE
2026-08-03 21:22:44.882,SMK-TUN-01-L,1260708046000,126070804600001049,TRUE
2026-08-03 21:22:44.882,SMK-TUN-01-L,1260708046000,126070804600001049,TRUE
2026-08-03 13:01:49.206,LIN-INNLDI-02-L,1260709031020,126070903100001046,TRUE
2026-08-03 21:22:44.882,SMK-TUN-01-L,1260708046000,126070804600001049,TRUE
2026-08-03 13:01:49.206,LIN-INNLDI-02-L,1260709031020,126070903100001046,TRUE
2026-08-03 13:01:49.206,LIN-INNLDI-02-L,1260709031020,126070903100001046,TRUE
2026-08-03 21:22:44.882,SMK-TUN-01-L,1260708046000,126070804600001049,TRUE
2026-08-03 21:22:44.882,SMK-TUN-01-L,1260708046000,126070804600001049,TRUE
2026-08-03 13:01:49.206,LIN-INNLDI-02-L,1260709031020,126070903100001046,TRUE
2026-08-03 21:22:44.882,SMK-TUN-01-L,1260708046000,126070804600001049,TRUE
2026-08-03 13:01:49.206,LIN-INNLDI-02-L,1260709031020,126070903100001046,TRUE
2026-08-03 13:01:49.206,LIN-INNLDI-02-L,1260709031020,126070903100001046,TRUE
2026-08-03 13:01:49.206,LIN-INNLDI-02-L,1260709031020,126070903100001046,TRUE
2026-08-03 21:22:44.882,SMK-TUN-01-L,1260708046000,126070804600001049,TRUE
2026-08-03 21:22:44.882,SMK-TUN-01-L,1260708046000,126070804600001049,TRUE
2026-08-03 21:22:44.882,SMK-TUN-01-L,1260708046000,126070804600001049,TRUE
2026-08-03 21:22:44.882,SMK-TUN-01-L,1260708046000,126070804600001049,TRUE
2026-08-03 22:45:36.870,SMK-DEV-01-UL,,126070900700001041,TRUE
2026-08-03 21:22:44.882,SMK-TUN-01-L,1260708046000,126070804600001049,TRUE
2026-08-03 22:45:36.870,SMK-DEV-01-UL,,126070900700001041,TRUE
2026-08-03 21:22:44.882,SMK-TUN-01-L,1260708046000,126070804600001049,TRUE
2026-08-03 21:22:44.882,SMK-TUN-01-L,1260708046000,126070804600001049,TRUE
2026-08-03 21:22:44.882,SMK-TUN-01-L,1260708046000,126070804600001049,TRUE
2026-08-03 21:22:44.882,SMK-TUN-01-L,1260708046000,126070804600001049,TRUE
2026-08-03 22:45:36.870,SMK-DEV-01-UL,,126070900700001041,TRUE
2026-08-03 21:22:44.882,SMK-TUN-01-L,1260708046000,126070804600001049,TRUE
2026-08-03 22:45:36.870,SMK-DEV-01-UL,,126070900700001041,TRUE
2026-08-03 22:45:36.870,SMK-DEV-01-UL,,126070900700001041,TRUE
